,Date,Headline,Prediction
0,2023-09-27 17:49:00,A $90 Billion Valuation for OpenAI? Techs New Star Is Red Hot.,1
1,2023-09-27 17:19:00,"Chinese hackers stole 60,000 emails from US State Department in Microsoft hack, Senate staffer says",-1
2,2023-09-27 16:15:00,Even the Google Trial Is Talking Up the Taylor Swift-Travis Kelce Rumors,0
3,2023-09-27 15:33:00,"Apple leverages idea of switching to Bing to pry more money out of Google, Microsoft exec says",0
4,2023-09-27 15:10:00,UPDATE 1-US FTC sets date for internal arguments on Microsoft deal to buy Activision,0
5,2023-09-27 14:26:00,Amazons $4 billion splash into the AI wars,0
6,2023-09-27 14:15:00,Best Stocks To Buy And Watch Now: Arista Networks Headlines 5 Top Tech Stocks For September,0
7,2023-09-27 14:06:00,Microsoft Says Apple Used Bing as Google Bargaining Chip,0
8,2023-09-27 13:38:00,FTC to revive fight against Microsoft's acquisition of Activision Blizzard,0
9,2023-09-27 13:36:00,Best Dow Jones Stocks To Buy And Watch In September 2023: Apple Hits Recent Low,0
10,2023-09-27 13:32:00,Factbox-Amazon antitrust lawsuit latest in US efforts to rein in big firms' clout,0
11,2023-09-27 13:22:00,"UPDATE 2-ChatGPT users can now browse internet, OpenAI says",0
12,2023-09-27 13:17:00,"ChatGPT users can now browse internet, OpenAI says",1
13,2023-09-27 13:12:00,FTC Preps for Possibility of Resuming Microsoft-Activision Trial,0
14,2023-09-27 13:09:00,OpenAI says ChatGPT can now browse internet,0
15,2023-09-27 12:32:00,US FTC Revives Microsoft-Activision Deal Challenge,0
16,2023-09-27 12:22:00,US FTC sets date for internal arguments on Microsoft deal to buy Activision,0
17,2023-09-27 12:17:00,US FTC sets date for internal arguments on Microsoft deal to buy Activision,0
18,2023-09-27 12:12:00,Is IBM Stock a Good Long-Term Investment?,0
19,2023-09-27 11:48:00,Infosys (INFY) & Microsoft Team Up to Leverage AI Capabilities,1
20,2023-09-27 11:33:00,Microsoft stock to get boost from $90 billion OpenAI funding valuation,1
21,2023-09-27 11:20:00,Amazon and These 2 Other Tech Giants Need to Start Paying Dividends,0
22,2023-09-27 11:10:00,Former Microsoft product chief joins Amazon as head of devices business,0
23,2023-09-27 11:00:00,UPDATE 2-Former Microsoft product chief joins Amazon as head of devices business,0
24,2023-09-27 11:00:00,Microsoft and Mercy collaborate to empower clinicians to transform patient care with generative AI,0
25,2023-09-27 10:58:00,Amazon Hires Microsoft Product Chief Panay to Run Devices Unit,0
26,2023-09-27 10:55:00,Oracle (ORCL) Helps Flink to Achieve Rapid Grocery Deliveries,0
27,2023-09-27 10:50:00,Former Microsoft product chief joins Amazon as head of devices business,0
28,2023-09-27 10:34:00,The FTC Has a $10.6 Billion Flaw in Its Case Against Amazon,0
29,2023-09-27 10:23:00,Microsoft May Win Big With OpenAI Valuation. Amazons Rivian Record Shows the Risk.,1
30,2023-09-27 10:15:00,Better Artificial Intelligence (AI) Stock: Microsoft vs. Alphabet,1
31,2023-09-27 09:29:00,My Favorite Dividend Stock To Buy & Hold,0
32,2023-09-27 07:00:00,"As Artificial Intelligence (AI) Demand Heats Up, Palantir May Be Facing Its Biggest Challenge Yet",0
33,2023-09-27 05:35:00,2 Ultra-Safe Dividend Stocks to Buy Right Now,0
34,2023-09-27 05:20:00,2 Super Stocks to Buy During the Latest Sell-Off in the Nasdaq,1
35,2023-09-27 05:15:00,"2 Remarkable Artificial Intelligence (AI) Growth Stocks With More Upside Than Apple and Microsoft to Buy Now, According to Wall Street",0
36,2023-09-26 19:56:00,Analyst Report: Microsoft Corporation,0
37,2023-09-26 18:21:00,OpenAI Seeks New Valuation of Up to $90 Billion in Sale of Existing Shares,0
38,2023-09-26 17:15:00,Stocks Today: Nasdaq Falls Hard As JPMorgan Chief Sees Rates Rising; Will Microsoft Stock Form This Bullish Pattern?,0
39,2023-09-26 16:00:00,Amazon Pumps Billions into AI Firm Just as Chat-GPT Alexa-fies Itself,0
40,2023-09-26 15:46:00,OpenAI is reportedly raising funds at a valuation of $80 billion to $90 billion,1
41,2023-09-26 13:26:00,Deepfake election risks trigger EU call for more generative AI safeguards,0
42,2023-09-26 12:56:00,Amazon Goes All In For Its AI Creation,0
43,2023-09-26 12:29:00,"FTC files antitrust suit against Amazon, alleges retail site is illegal monopoly",0
44,2023-09-26 12:29:00,"FTC files antitrust suit against Amazon, alleges company operates illegal monopoly",-1
45,2023-09-26 11:37:00,Microsoft's Mount Pleasant data center plan with 1.1 million square feet approved,0
46,2023-09-26 11:15:00,AI needs a 'core place' in every portfolio: Strategist,1
47,2023-09-26 10:19:00,4 Stocks With Recent Dividend Hikes Amid a Choppy Market,0
48,2023-09-26 09:34:00,"Sam Altman May Be the Top Dog in AI, but Amazon Is Betting $4 Billion on This Up-and-Coming AI Power Duo",0
49,2023-09-26 09:18:00,"The Zacks Analyst Blog Highlights Microsoft, UnitedHealth Group, HSBC Holdings, IBM and Honeywell International",0
50,2023-09-26 05:30:00,News of Nvidia's Demise Is Greatly Exaggerated: Analyst,0
51,2023-09-26 01:56:00,Microsoft earns upgrade on GenAI prospects: 5 big analyst picks,0
52,2023-09-26 00:00:00,"Streaming will transform video games just like Netflix changed TV, says Ubisoft",0
53,2023-09-25 22:49:00,AI industry's growth trajectory questioned amid mixed market signals,0
54,2023-09-25 19:51:00,"Nvidia outperforms amidst AI hype, Microsoft faces challenges",0
55,2023-09-25 18:45:00,12 Best Places to Retire in Poland,0
56,2023-09-25 17:45:00,Microsoft (MSFT) Gains But Lags Market: What You Should Know,0
57,2023-09-25 13:58:00,Amazon and 2 Other Cloud Stocks Are Still Seen as the Best AI Plays. Heres Why.,0
58,2023-09-25 13:30:00,MSFT Stock Today: This Bearish Call Spread Play In Microsoft Stock Puts $90 In Your Pocket Right Now,0
59,2023-09-25 13:02:00,Microsoft's (MSFT) Activision Deal Moves Closer to UK Approval,1
60,2023-09-25 12:45:00,Is Salesforce Stock A Buy Amid Hope For AI Revenue Boost?,0
61,2023-09-25 12:30:00,Microsoft Could Be Making a Big Change and AI Investors Aren't Going To Like It,0
62,2023-09-25 12:26:00,Alphabet's (GOOGL) Google Unveils AI Features for YouTube,0
63,2023-09-25 12:16:00,Microsoft Gets an Upgrade as AI Narrative Too Strong to Ignore. Why Its Still Not a Buy.,0
64,2023-09-25 11:48:00,Snap partners with Microsoft on ads in its 'My AI' chatbot feature,1
65,2023-09-25 11:43:00,"Top Analyst Reports for Microsoft, UnitedHealth & HSBC",0
66,2023-09-25 11:30:00,Software Stocks To Watch Amid Artificial Intelligence-Generated Rally,1
67,2023-09-25 10:43:00,Amazon Accelerates Heated AI Race With Up to $4 Billion Investment in Startup Anthropic,0
68,2023-09-25 10:18:00,Spotify tests voice translation feature for podcasts,0
69,2023-09-25 10:06:00,Amazon set to invest up to $4B into AI startup Anthropic,0
70,2023-09-25 09:36:00,"Microsoft upgraded, Nike downgraded: Wall Street's top analyst calls",0
71,2023-09-25 09:35:00,Microsoft Loses Last Sell Rating as Guggenheim Raises on AI,1
72,2023-09-25 09:00:00,Getty users gain access to AI image generator with legal protection,0
73,2023-09-25 09:00:00,Microsoft Corporation (MSFT) is Attracting Investor Attention: Here is What You Should Know,0
74,2023-09-25 05:33:00,Microsoft's AI prospects fail to sway Guggenheim analyst's cautious stance,-1
75,2023-09-25 03:48:00,Amazon to Invest Up to $4 Billion in Anthropic as AI Arms Race Escalates,0
76,2023-09-25 03:00:00,Amazon to invest up to $4bn in AI start-up Anthropic,0
